case,scenario,geometry,n,m,d,weights,seed,sweep_value,is_self,overlap_count,overlap_fraction,common_mass,method,projection_kind,L,epsilon,collision_mass,collision_fraction,largest_fiber,method_id,median_ms,q25_ms,q75_ms,cost,row_l1,col_l1,row_relative,feasible,retained_mass,retention_ratio,exact_cost,absolute_gap,relative_gap,self_cost,self_map_error,status,peak_traced_mib,iterations,backend
n16_d2_nonuniform_s0_v1,support,grid,16,16,2,nonuniform,0,1.0,True,16,1.0,1.0,LMOT,random,8,,0.0,0.0,1,LMOT/random/L8,2.278219,2.2676404999999997,2.2887975000000003,0.0,1.8821749714348357e-16,1.8821749714348357e-16,2.3602762491464675e-15,True,1.0,1.0,0.0,0.0,,0.0,1.3653937842860002e-15,ok,0.019074440002441406,,
n16_d2_nonuniform_s0_v1,support,grid,16,16,2,nonuniform,0,1.0,True,16,1.0,1.0,EST,random,8,,0.0,0.0,1,EST/random/L8,2.479017,2.3597925,2.5982415,0.0,1.8821749714348357e-16,1.8821749714348357e-16,2.3602762491464675e-15,True,1.0,1.0,0.0,0.0,,0.0,1.3653937842860002e-15,ok,0.01700305938720703,,
n16_d2_nonuniform_s0_v1,support,grid,16,16,2,nonuniform,0,1.0,True,16,1.0,1.0,LMOT,structured,8,,0.6556682029360099,0.6953125,6,LMOT/structured/L8,2.176911,2.1288385,2.2249835,0.0,1.1622647289044608e-16,1.1622647289044608e-16,4.255686220197922e-16,True,1.0,1.0,0.0,0.0,,0.0,2.830524433501838e-16,ok,0.01863384246826172,,
n16_d2_nonuniform_s0_v1,support,grid,16,16,2,nonuniform,0,1.0,True,16,1.0,1.0,EST,structured,8,,0.6556682029360099,0.6953125,6,EST/structured/L8,2.0264344999999997,2.01617925,2.03668975,0.06118710270827304,1.448494102440634e-16,1.3097162243624894e-16,4.255686220197922e-16,True,0.6428320219881806,0.6428320219881806,0.0,0.06118710270827304,,0.06118710270827304,0.16728293443045436,ok,0.016592025756835938,,
n16_d2_nonuniform_s0_v1,support,grid,16,16,2,nonuniform,0,1.0,True,16,1.0,1.0,Sinkhorn,none,0,0.01,,,,Sinkhorn/eps=0.01,152.4393375,152.18867975,152.68999524999998,0.004258557174652365,1.7780915628762273e-16,4.0167193268107054e-07,5.070984892688415e-16,False,0.8058757664604432,0.8058757664604432,0.0,,,0.004258557174652365,0.062150848960599046,not_converged,0.02797412872314453,1500,pot
n16_d2_nonuniform_s0_v1,support,grid,16,16,2,nonuniform,0,1.0,True,16,1.0,1.0,Sinkhorn,none,0,0.001,,,,Sinkhorn/eps=0.001,0.4633635,0.44967575,0.47705125,7.575783183580557e-11,1.465841337200402e-16,1.5560766928462977e-09,2.665535641820788e-16,True,0.9999999962121084,0.9999999962121084,0.0,7.575783183580557e-11,,7.575783183580557e-11,5.1438840350860244e-09,ok,0.022218704223632812,1,pot
n16_d2_nonuniform_s0_v0.5,support,grid,16,16,2,nonuniform,0,0.5,False,8,0.5,0.41134291472345064,LMOT,random,8,,0.0,0.0,1,LMOT/random/L8,2.5919475,2.50433025,2.67956475,0.10941316469788727,1.8821749714348357e-16,2.8536201179818477e-16,2.3602762491464675e-15,True,0.09259349176243925,0.22510049024350073,0.036684939100101434,0.07272822559778583,1.982509099969713,,,ok,0.01915264129638672,,
n16_d2_nonuniform_s0_v0.5,support,grid,16,16,2,nonuniform,0,0.5,False,8,0.5,0.41134291472345064,EST,random,8,,0.0,0.0,1,EST/random/L8,2.2082585000000003,2.13734175,2.27917525,0.10941316469788727,1.8821749714348357e-16,2.8536201179818477e-16,2.3602762491464675e-15,True,0.09259349176243925,0.22510049024350073,0.036684939100101434,0.07272822559778583,1.982509099969713,,,ok,0.018430709838867188,,
n16_d2_nonuniform_s0_v0.5,support,grid,16,16,2,nonuniform,0,0.5,False,8,0.5,0.41134291472345064,LMOT,structured,8,,0.727654936811488,0.74609375,6,LMOT/structured/L8,2.1417085,2.11195375,2.17146325,0.11268976405828586,1.3097162243624894e-16,1.7954387976359953e-16,4.255686220197922e-16,True,0.11447660157404785,0.278299680088112,0.036684939100101434,0.07600482495818442,2.0718263904102887,,,ok,0.01812267303466797,,
n16_d2_nonuniform_s0_v0.5,support,grid,16,16,2,nonuniform,0,0.5,False,8,0.5,0.41134291472345064,EST,structured,8,,0.727654936811488,0.74609375,6,EST/structured/L8,2.004271,1.989679,2.018863,0.11577086071470788,1.3097162243624894e-16,1.7954387976359953e-16,4.255686220197922e-16,True,0.07866714036713547,0.19124467093355446,0.036684939100101434,0.07908592161460645,2.155814444690949,,,ok,0.017434120178222656,,
n16_d2_nonuniform_s0_v0.5,support,grid,16,16,2,nonuniform,0,0.5,False,8,0.5,0.41134291472345064,Sinkhorn,none,0,0.01,,,,Sinkhorn/eps=0.01,28.293728,28.15905,28.428406,0.039166382067444036,2.445960101127298e-16,5.283492807324486e-09,1.2767058660593764e-15,True,0.17694147216960474,0.43015563374554294,0.036684939100101434,0.0024814429673426022,0.06764200863388488,,,ok,0.023683547973632812,271,pot
n16_d2_nonuniform_s0_v0.5,support,grid,16,16,2,nonuniform,0,0.5,False,8,0.5,0.41134291472345064,Sinkhorn,none,0,0.001,,,,Sinkhorn/eps=0.001,152.6696545,152.47545175,152.86385725000002,0.036673442996842665,1.5343629145014859e-15,0.0006660997860544887,5.747116211713537e-15,False,0.21562695748176838,0.5242024349118454,0.036684939100101434,,,,,not_converged,0.027281761169433594,1500,pot
n16_d2_nonuniform_s0_v0,support,grid,16,16,2,nonuniform,0,0.0,False,0,0.0,0.0,LMOT,random,8,,0.0,0.0,1,LMOT/random/L8,2.3860314999999996,2.36239325,2.40966975,0.1393991176149631,1.8821749714348357e-16,2.8189256484623115e-16,2.3602762491464675e-15,True,0.0,,0.06469568031804303,0.07470343729692007,1.1546897247185446,,,ok,0.018752098083496094,,
n16_d2_nonuniform_s0_v0,support,grid,16,16,2,nonuniform,0,0.0,False,0,0.0,0.0,EST,random,8,,0.0,0.0,1,EST/random/L8,2.256777,2.2140500000000003,2.2995039999999998,0.1393991176149631,1.8821749714348357e-16,2.8189256484623115e-16,2.3602762491464675e-15,True,0.0,,0.06469568031804303,0.07470343729692007,1.1546897247185446,,,ok,0.018430709838867188,,
n16_d2_nonuniform_s0_v0,support,grid,16,16,2,nonuniform,0,0.0,False,0,0.0,0.0,LMOT,structured,8,,0.6763587989282815,0.7109375,6,LMOT/structured/L8,2.0870555,2.0663542500000003,2.10775675,0.15222818134361843,1.240327285323417e-16,1.2576745200831851e-16,4.255686220197922e-16,True,0.0,,0.06469568031804303,0.0875325010255754,1.3529883385608883,,,ok,0.017638206481933594,,
n16_d2_nonuniform_s0_v0,support,grid,16,16,2,nonuniform,0,0.0,False,0,0.0,0.0,EST,structured,8,,0.6763587989282815,0.7109375,6,EST/structured/L8,1.977025,1.966777,1.987273,0.15222818134361843,1.240327285323417e-16,1.2576745200831851e-16,4.255686220197922e-16,True,0.0,,0.06469568031804303,0.0875325010255754,1.3529883385608883,,,ok,0.017385482788085938,,
n16_d2_nonuniform_s0_v0,support,grid,16,16,2,nonuniform,0,0.0,False,0,0.0,0.0,Sinkhorn,none,0,0.01,,,,Sinkhorn/eps=0.01,26.194108,26.080875,26.307341,0.06651273776539515,5.689893001203927e-16,3.961253161426093e-09,1.666077352338683e-15,True,0.0,,0.06469568031804303,0.0018170574473521245,0.028086225207301266,,,ok,0.023711204528808594,251,pot
n16_d2_nonuniform_s0_v0,support,grid,16,16,2,nonuniform,0,0.0,False,0,0.0,0.0,Sinkhorn,none,0,0.001,,,,Sinkhorn/eps=0.001,154.850397,154.6003275,155.1004665,0.06469567838886633,4.796510411075872e-15,5.450452997789179e-08,1.8762644102947135e-14,False,0.0,,0.06469568031804303,,,,,not_converged,0.027956008911132812,1500,pot
n64_d2_nonuniform_s0_v1,support,grid,64,64,2,nonuniform,0,1.0,True,64,1.0,1.0,LMOT,random,8,,0.0,0.0,1,LMOT/random/L8,2.8763829999999997,2.839893,2.912873,0.0,8.881784197001252e-16,8.881784197001252e-16,8.793772773398386e-15,True,1.0,1.0,0.0,0.0,,0.0,7.065416064076988e-15,ok,0.042304039001464844,,
n64_d2_nonuniform_s0_v1,support,grid,64,64,2,nonuniform,0,1.0,True,64,1.0,1.0,EST,random,8,,0.0,0.0,1,EST/random/L8,2.4168054999999997,2.38283175,2.45077925,0.0,8.881784197001252e-16,8.881784197001252e-16,8.793772773398386e-15,True,1.0,1.0,0.0,0.0,,0.0,7.065416064076988e-15,ok,0.035640716552734375,,
n64_d2_nonuniform_s0_v1,support,grid,64,64,2,nonuniform,0,1.0,True,64,1.0,1.0,LMOT,structured,8,,0.9213211695574859,0.927734375,8,LMOT/structured/L8,2.5043575000000002,2.45106975,2.55764525,1.8262148690623298e-17,3.408731630294426e-16,3.0054084221298183e-16,5.3236304146767706e-15,True,0.9999999999999998,0.9999999999999998,0.0,1.8262148690623298e-17,,1.8262148690623298e-17,3.6905523389740094e-15,ok,0.03610801696777344,,
n64_d2_nonuniform_s0_v1,support,grid,64,64,2,nonuniform,0,1.0,True,64,1.0,1.0,EST,structured,8,,0.9213211695574859,0.927734375,8,EST/structured/L8,2.3148115000000002,2.19741725,2.43220575,0.07136612054971353,3.5822039778921066e-16,3.222248856626919e-16,5.3236304146767706e-15,True,0.4149941235089553,0.4149941235089553,0.0,0.07136612054971353,,0.07136612054971353,0.24059199150867389,ok,0.029473304748535156,,
n64_d2_nonuniform_s0_v1,support,grid,64,64,2,nonuniform,0,1.0,True,64,1.0,1.0,Sinkhorn,none,0,0.01,,,,Sinkhorn/eps=0.01,36.5557945,36.42066575,36.69092325,0.007209459300847341,2.480654570646834e-16,6.153348382480911e-09,9.057509318809146e-16,True,0.3926947422787863,0.3926947422787863,0.0,0.007209459300847341,,0.007209459300847341,0.05821632771483688,ok,0.26735496520996094,221,pot
n64_d2_nonuniform_s0_v1,support,grid,64,64,2,nonuniform,0,1.0,True,64,1.0,1.0,Sinkhorn,none,0,0.001,,,,Sinkhorn/eps=0.001,241.09542249999998,235.42234425,246.76850075,8.883639333355068e-05,2.5066754227864863e-16,1.5747317691820317e-05,7.391474798513582e-16,False,0.9788271259296331,0.9788271259296331,0.0,,,8.883639333355068e-05,0.002800266239699394,not_converged,0.27100658416748047,1500,pot
n64_d2_nonuniform_s0_v0.5,support,grid,64,64,2,nonuniform,0,0.5,False,32,0.5,0.5572994250994872,LMOT,random,8,,0.0,0.0,1,LMOT/random/L8,2.690351,2.6863875000000004,2.6943145,0.08990734503586076,8.881784197001252e-16,8.873110579621368e-16,8.793772773398386e-15,True,0.1549439039462076,0.2780263121903411,0.006560530435786301,0.08334681460007445,12.704279846860441,,,ok,0.04574012756347656,,
n64_d2_nonuniform_s0_v0.5,support,grid,64,64,2,nonuniform,0,0.5,False,32,0.5,0.5572994250994872,EST,random,8,,0.0,0.0,1,EST/random/L8,2.7229055,2.6323237500000003,2.8134872499999997,0.08990734503586076,8.881784197001252e-16,8.873110579621368e-16,8.793772773398386e-15,True,0.1549439039462076,0.2780263121903411,0.006560530435786301,0.08334681460007445,12.704279846860441,,,ok,0.043969154357910156,,
n64_d2_nonuniform_s0_v0.5,support,grid,64,64,2,nonuniform,0,0.5,False,32,0.5,0.5572994250994872,LMOT,structured,8,,0.9145567170684299,0.9189453125,8,LMOT/structured/L8,2.4617364999999998,2.41876425,2.50470875,0.0746207813014197,3.400058012914542e-16,2.5370330836160804e-16,5.3236304146767706e-15,True,0.2749441208872923,0.4933508065941576,0.006560530435786301,0.0680602508656334,10.374199393143453,,,ok,0.035717010498046875,,
n64_d2_nonuniform_s0_v0.5,support,grid,64,64,2,nonuniform,0,0.5,False,32,0.5,0.5572994250994872,EST,structured,8,,0.9145567170684299,0.9189453125,8,EST/structured/L8,2.2753205,2.20564525,2.34499575,0.09339325931144969,3.3089850304257595e-16,2.47198095326695e-16,5.3236304146767706e-15,True,0.11371325802240308,0.20404337937743858,0.006560530435786301,0.08683272887566339,13.235626253939662,,,ok,0.032601356506347656,,
n64_d2_nonuniform_s0_v0.5,support,grid,64,64,2,nonuniform,0,0.5,False,32,0.5,0.5572994250994872,Sinkhorn,none,0,0.01,,,,Sinkhorn/eps=0.01,32.155904500000005,31.77882125,32.532987750000004,0.012173838391410298,2.7538735181131813e-16,7.178144499370848e-09,1.0721989861824967e-15,True,0.18405820270362155,0.3302680649110021,0.006560530435786301,0.005613307955623996,0.8556180038438039,,,ok,0.2669687271118164,201,pot
n64_d2_nonuniform_s0_v0.5,support,grid,64,64,2,nonuniform,0,0.5,False,32,0.5,0.5572994250994872,Sinkhorn,none,0,0.001,,,,Sinkhorn/eps=0.001,234.6607415,233.69521575,235.62626725,0.006616191956065474,8.582544397395253e-16,1.3510664448627627e-07,5.277394722723048e-15,False,0.31979751728970207,0.5738342852814049,0.006560530435786301,,,,,not_converged,0.2708120346069336,1500,pot
n64_d2_nonuniform_s0_v0,support,grid,64,64,2,nonuniform,0,0.0,False,0,0.0,0.0,LMOT,random,8,,0.0,0.0,1,LMOT/random/L8,2.6653339999999996,2.631265,2.6994029999999998,0.09516776227080927,8.881784197001252e-16,9.194034422677078e-16,8.793772773398386e-15,True,0.0,,0.013810917529217934,0.08135684474159133,5.890763200162147,,,ok,0.04449176788330078,,
n64_d2_nonuniform_s0_v0,support,grid,64,64,2,nonuniform,0,0.0,False,0,0.0,0.0,EST,random,8,,0.0,0.0,1,EST/random/L8,2.3981615,2.33490375,2.46141925,0.09516776227080927,8.881784197001252e-16,9.194034422677078e-16,8.793772773398386e-15,True,0.0,,0.013810917529217934,0.08135684474159133,5.890763200162147,,,ok,0.0438232421875,,
n64_d2_nonuniform_s0_v0,support,grid,64,64,2,nonuniform,0,0.0,False,0,0.0,0.0,LMOT,structured,8,,0.910345835278433,0.9150390625,9,LMOT/structured/L8,2.4957735000000003,2.38835175,2.60319525,0.0950259925041147,3.430415673744136e-16,2.3678975447083417e-16,5.3236304146767706e-15,True,0.0,,0.013810917529217934,0.08121507497489676,5.880498149603801,,,ok,0.03304004669189453,,
n64_d2_nonuniform_s0_v0,support,grid,64,64,2,nonuniform,0,0.0,False,0,0.0,0.0,EST,structured,8,,0.910345835278433,0.9150390625,9,EST/structured/L8,2.303037,2.206499,2.399575,0.0950259925041147,3.430415673744136e-16,2.3678975447083417e-16,5.3236304146767706e-15,True,0.0,,0.013810917529217934,0.08121507497489676,5.880498149603801,,,ok,0.03270530700683594,,
n64_d2_nonuniform_s0_v0,support,grid,64,64,2,nonuniform,0,0.0,False,0,0.0,0.0,Sinkhorn,none,0,0.01,,,,Sinkhorn/eps=0.01,29.448256999999998,29.0379455,29.8585685,0.019135518523606156,2.675810961694225e-16,3.415850507396817e-09,1.161129375076338e-15,True,0.0,,0.013810917529217934,0.005324600994388222,0.38553564476246177,,,ok,0.26682567596435547,181,pot
n64_d2_nonuniform_s0_v0,support,grid,64,64,2,nonuniform,0,0.0,False,0,0.0,0.0,Sinkhorn,none,0,0.001,,,,Sinkhorn/eps=0.001,244.1299745,242.64694624999998,245.61300275000002,0.013828067532730418,2.125903619809577e-15,1.6557506592358717e-07,1.2043466150206682e-14,False,0.0,,0.013810917529217934,,,,,not_converged,0.2708120346069336,1500,pot
